Year,N closest neighbors of rabbit
2000,"[('water', 0.08818255364894867), ('bird', 0.030455391854047775)]"
2007,"[('water', 0.08859318494796753), ('bird', 0.030327728018164635)]"
2008,"[('water', 0.0891789048910141), ('bird', 0.030478723347187042)]"
