Word,Valence,Arousal
minors,0.42352934,0.57294869
graph,0.38592758,0.47395776
system,0.18573957,0.38475869
trees,0.38596739,0.55738295
eps,0.78593785,0.44738496
computer,0.76485739,0.37374821
survey,0.37486758,0.48867423
user,0.57586929,0.56569382
human,0.57684736,0.67483756
time,0.17284756,0.89827385
interface,0.27584978,0.76837264
response,0.77583958,0.36475822